VehicleID,Amount (Million Naira)
VHL18518,2.552949999999995
VHL17149,4.891624500000003
VHL10927,2.5840050000000105
VHL12909,4.0555383333333745
VHL12348,5.336966250000004
VHL10798,11.804819523809522
VHL11022,4.605815238095224
VHL12206,5.055891666666687
VHL11697,9.38842666666665
VHL12313,4.720836999999996
VHL13411,38.57567833333333
VHL14334,2.350600000000005
VHL14302,5.140627499999996
VHL13979,5.31249630952381
VHL12272,1.5925700000000114
VHL15071,8.235843333333385
VHL19166,2.531300000000002
VHL10471,2.39056000000001
VHL18431,3.4024000000000116
VHL12325,7.926321666666629
VHL15657,4.27629666666665
VHL13667,13.731449523809504
VHL18913,10.109399999999999
VHL13273,7.621716666666712
VHL16576,1.3434300000000081
VHL15506,2.474230000000009
VHL10460,52.469400000000014
VHL16050,6.691025714285704
VHL17918,9.906995000000025
VHL12992,12.800168333333298
VHL10261,6.248499999999951
VHL18348,4.955461666666666
VHL11577,4.894163095238105
VHL16957,2.7747549999999865
VHL16165,19.331669999999995
VHL11441,2.7939400000000085
VHL19990,1.8882899999999974
VHL14072,3.0516699999999886
VHL13637,2.8624900000000038
VHL10757,6.390475238095229
VHL12657,3.39118000000003
VHL19939,8.268263809523814
VHL12094,4.080917499999995
VHL17177,3.5719450000000177
VHL16720,9.224875416666675
VHL11478,15.212439999999958
VHL14386,4.486499166666681
VHL11341,12.59674166666667
VHL18683,8.895831428571405
VHL13430,6.273549999999988
VHL18932,1.9892650000000123
VHL17505,3.3089866666666428
VHL16272,3.1539102380952118
VHL14777,4.238140119047604
VHL13186,6.281618333333354
VHL19383,1.2495400000000063
VHL14605,6.075459999999998
VHL11440,10.49619833333334
VHL14303,6.116063333333362
VHL19478,3.3760599999999816
VHL17837,2.865254166666652
VHL12824,5.009006666666675
VHL17476,4.016259999999986
VHL18988,1.921200000000004
VHL19482,9.474089940476262
VHL13263,2.805690000000003
VHL17078,8.576413333333328
VHL19170,3.7681633333333293
VHL18070,2.3399228571428607
VHL18061,15.284419999999997
VHL10726,5.269699999999988
VHL19212,2.1680566666666685
VHL13283,1.8137350000000014
VHL14023,6.704866666666655
VHL16973,40.15318000000001
VHL19653,8.05609999999995
VHL18605,6.181425000000026
VHL13287,4.332997500000002
VHL15719,1.7718999999999958
VHL19636,8.061424999999979
VHL11009,6.215890000000004
VHL18087,3.773366666666657
VHL14422,7.6520011111110975
VHL15789,29.915080000000078
VHL12369,3.471145833333321
VHL15812,6.159317261904803
VHL18767,79.58873000000017
VHL19271,13.748754999999997
VHL17403,4.991200000000001
VHL12967,3.4180333333333324
VHL19998,7.839226030663782
VHL12336,5.786283333333319
VHL10328,1.7740300000000022
VHL18908,4.050949999999981
VHL11127,7.293131666666656
VHL12655,36.864899999999984
VHL19086,79.02490000000006
VHL10384,17.084410000000002
VHL15712,11.926749999999956
VHL11054,31.9085499999999
VHL16505,10.144206666666635
VHL10534,2.040616666666682
VHL14120,2.2436000000000065
VHL10206,4.863890833333351
VHL13595,7.952041666666674
VHL15887,3.5951508333333333
VHL12672,3.475983333333311
VHL19770,6.830119999999994
VHL13026,6.656120000000057
VHL12635,6.836636666666667
VHL14014,4.970090833333323
VHL19238,6.714207539682568
VHL18156,4.204126666666655
VHL13087,5.278393333333326
VHL13743,1.9009800000000008
VHL19323,70.6244300000002
VHL16129,5.00985666666668
VHL17626,2.5839413095238286
VHL14525,1.7146000000000094
VHL15597,106.15427999999989
VHL19429,4.821480333333325
VHL14074,14.642185476190482
VHL17422,92.59263000000011
VHL11861,11.749819999999984
VHL19828,32.765999999999934
VHL14000,2.7221699999999966
VHL12312,7.231768214285707
VHL16257,2.242260000000005
VHL14859,2.8417599999999816
VHL16048,2.692640000000013
VHL14039,3.459909999999996
VHL10296,2.1362599999999965
VHL14949,1.4568200000000096
VHL17034,24.177349999999908
VHL17149,11.568694999999952
VHL19677,5.050916666666686
VHL14433,3.8751191666666567
VHL16582,5.157051666666674
VHL10059,10.040234999999983
VHL17140,6.475443333333377
VHL10364,7.182468214285704
VHL16932,3.835092499999993
VHL18587,9.645582500000016
VHL13635,2.2283
VHL18371,24.236449999999998
VHL19622,8.537016666666677
VHL18669,13.870436190476221
VHL17359,2.459570000000001
VHL19788,9.96862071428571
VHL19078,8.097623452380967
VHL12673,6.228025714285712
VHL17895,1.9228899999999964
VHL18950,7.249620000000018
VHL13562,12.994354999999949
VHL11306,17.2687333333333
VHL15496,4.357630000000001
VHL11927,9.119747380952372
VHL10392,17.005679999999938
VHL14124,2.5967741666666764
VHL12586,4.528269999999978
VHL12895,2.102970000000008
VHL18481,5.21009523809523
VHL11310,2.419829999999992
VHL15810,5.589920000000022
VHL16037,9.516240476190493
VHL19627,18.673629999999974
VHL11152,9.546003333333351
VHL17698,12.173063333333298
VHL19815,49.85706000000005
VHL18192,4.3653533333333465
VHL19720,2.321880000000002
VHL11686,6.679893333333359
VHL18649,5.2498000000000085
VHL12765,4.105400476190464
VHL10026,12.5133433333333
VHL11001,6.457218333333325
VHL13433,9.057499999999989
VHL17827,2.645949999999989
VHL12344,2.4243400000000013
VHL17308,23.57569999999999
VHL18722,5.024324999999998
VHL17199,4.527266666666665
VHL15338,3.691840000000017
VHL16946,14.284489999999973
VHL11039,1.6594033333333498
VHL18017,7.40853083333333
VHL15945,14.15605000000003
VHL14724,4.6785900000000185
VHL15314,25.035940000000007
VHL14276,4.642533333333353
VHL17883,2.8717849999999903
VHL14385,20.63969999999999
VHL18665,1.646940000000005
VHL15936,22.644899999999996
VHL19518,4.686033333333313
VHL13530,2.2877099999999935
VHL17861,1.5312800000000018
VHL10966,10.810786666666665
VHL11652,7.93194726190478
VHL16641,45.24189000000001
VHL12017,4.355105000000013
VHL14856,3.4265400000000015
VHL16801,6.665363333333331
VHL16814,12.682728690476178
VHL13748,2.3073699999999855
VHL13104,16.887920000000012
VHL10022,35.36809999999998
VHL14787,6.15014999999998
VHL19015,5.123030535714288
VHL11089,5.466990000000008
VHL13873,3.923965833333334
VHL15486,11.456401190476202
VHL13253,1.3598000000000017
VHL15232,2.8376499999999982
VHL18914,8.579415000000024
VHL14922,3.1392149999999943
VHL14541,2.708269999999994
VHL15820,6.9889833333333184
VHL10710,3.099804999999985
VHL11752,2.3840199999999974
VHL13868,7.475079999999992
VHL17442,20.507699999999915
VHL14571,8.229936666666667
VHL17155,3.8709599999999735
VHL11093,8.434438333333361
VHL18280,2.8827102380952345
VHL18425,4.243942857142879
VHL10175,1.8471300000000146
VHL15307,5.327031666666681
VHL18062,4.831057500000011
VHL18972,7.044456666666638
VHL11185,10.088237500000025
VHL10343,4.278855000000017
VHL10450,3.34519999999998
VHL19621,4.881547539682553
VHL14502,8.017786666666659
VHL12768,4.87693000000002
VHL19922,3.9555241666666645
VHL10824,9.685962857142881
VHL16646,7.488325000000018
VHL15462,8.641544999999986
VHL15801,4.462350000000003
VHL10322,5.803908333333348
VHL15613,1.9225350000000085
VHL17756,3.8690716666666636
VHL16186,8.48352666666663
VHL19061,2.7880200000000066
VHL13446,14.986526666666677
VHL10599,6.478798214285695
VHL18255,27.68021999999983
VHL17948,7.650479999999965
VHL17616,1.1782799999999949
VHL17664,25.28799000000004
VHL18299,3.023055000000009
VHL18959,5.443536666666681
VHL10473,10.03153309523809
VHL17271,7.34175333333337
VHL19798,4.586878333333348
VHL17935,24.657550000000036
VHL10245,14.258043333333294
VHL15041,4.018539999999988
VHL15001,8.397745833333312
VHL16287,1.056009999999994
VHL13974,23.612489999999983
VHL15764,48.159179999999985
VHL18888,4.55962333333332
VHL14882,10.92935103174603
VHL19424,6.392063333333325
VHL13785,182.4705
VHL10783,9.727114166666702
VHL19808,3.430111666666658
VHL18890,9.224875416666675
VHL13440,3.5872149999999827
VHL13285,5.5290900000000045
VHL18805,14.146219999999914
VHL18550,2.0894400000000006
VHL10061,4.103000000000014
VHL18522,19.46545000000002
VHL16813,3.195850000000001
VHL11036,11.613869999999975
VHL12107,33.75318666666664
VHL17826,16.96895999999999
VHL14449,1.4429266666666742
VHL14938,2.9588900000000056
VHL14098,7.464878333333369
VHL19241,4.4364599999999985
VHL17856,5.2368099999999895
VHL18900,4.039730416666683
VHL11133,6.5552160119047995
VHL11687,11.135914999999986
VHL12719,1.949697857142856
VHL15531,4.497078333333338
VHL17329,54.93188333333335
VHL16806,1.4301400000000015
VHL11582,3.046450000000011
VHL16362,3.272200000000011
VHL11119,3.8413900000000085
VHL13806,15.854749999999923
VHL11733,1.8100800000000017
VHL18959,63.23872000000009
VHL17287,2.8095799999999955
VHL11709,4.2718700000000105
VHL19793,2.525120000000001
VHL19880,2.3128100000000016
VHL19964,18.23046
VHL12784,12.857858333333319
VHL17371,6.617395333333351
VHL12439,1.5048133333333469
VHL16652,4.45803500000001
VHL17836,8.751343333333313
VHL16597,8.595859999999975
VHL18707,5.140627499999996
VHL16683,8.413792857142864
VHL15365,1.7604700000000084
VHL13507,2.1787599999999996
VHL14459,11.931347023809531
VHL19300,2.2544000000000044
VHL18418,5.763201666666659
VHL15350,3.100153571428578
VHL15927,2.3448600000000193
VHL12985,7.1184989285714
VHL10426,46.791929999999994
VHL10506,5.75158333333335
VHL11042,10.216553333333303
VHL18043,2.463739999999997
VHL16258,5.2570433333333275
VHL19326,3.4319233333333545
VHL15424,7.883822261904791
VHL19014,6.512436666666623
VHL11310,4.221130376984153
VHL12927,3.118271666666694
VHL10082,8.964495000000012
VHL10068,27.143061666666675
VHL13660,3.7936924999999846
VHL18810,8.194140000000006
VHL17666,23.51299000000002
VHL18022,3.1211799999999865
VHL11237,11.241403333333347
VHL17240,6.299273333333323
VHL13512,4.29019999999998
VHL10596,34.62381571428576
VHL10073,8.350331428571414
VHL13719,1.737490000000015
VHL10077,1.2669400000000048
VHL13151,6.912843333333347
VHL12499,4.573719166666678
VHL18832,24.764929999999968
VHL16790,6.239609166666685
VHL13880,17.356159999999946
VHL19448,3.287769999999991
VHL15860,4.122709166666662
VHL14538,4.097273333333345
VHL16505,21.068343333333388
VHL11544,38.08999999999995
VHL19830,7.873269309523757
VHL10194,3.659106666666653
VHL15744,2.5105050000000135
VHL10957,4.412833333333327
VHL12568,3.3046900000000017
VHL19448,8.378431666666682
VHL14417,1.5788800000000063
VHL10368,8.989295000000011
VHL10806,10.69657
VHL17414,5.511234583333349
VHL14892,2.2464400000000015
VHL17933,5.080590000000004
VHL15852,15.364879999999992
VHL10505,19.698780000000042
VHL18345,26.03344999999995
VHL13294,7.532453333333293
VHL18253,10.318353333333333
VHL17152,4.746958164502154
VHL12883,79.21027000000007
VHL16101,5.023251785714281
VHL15563,7.080545000000066
VHL10313,15.792570000000005
VHL18291,1.132039999999999
VHL13553,4.772889309523809
VHL11440,3.4242323881673924
VHL15887,6.700529999999988
VHL17489,20.117936190476225
VHL16271,8.135475000000046
VHL15007,22.309899999999935
VHL15329,9.384728333333353
VHL13826,4.857959999999983
VHL11568,7.632372500000088
VHL13578,6.463216666666666
VHL16302,1.9588207142857075
VHL12677,5.33954674603177
VHL18866,2.6404033333333414
VHL11976,2.7770900000000047
VHL17817,23.98151999999999
VHL16893,4.236639999999985
VHL11075,1.2160400000000016
VHL14865,9.646232500000016
VHL13535,4.045789999999993
VHL16299,28.53217
VHL19327,1.536890000000003
VHL10055,2.313593333333339
VHL14258,7.110591666666669
VHL11527,2.538565833333334
VHL17682,2.9017200000000134
VHL10073,1.904190000000003
VHL14599,19.181570000000022
VHL15495,5.803039999999998
VHL13387,3.703939999999989
VHL19505,3.96431249999999
VHL16307,1.7648399999999944
VHL11034,34.69490000000005
VHL13625,3.7687033333333435
VHL19623,4.481966666666667
VHL10838,1.7793300000000105
VHL11711,6.62063333333332
VHL14148,4.370603809523821
VHL15745,1.491830000000004
VHL15705,3.728099999999994
VHL14767,7.749289047619063
VHL10108,4.7153752380952385
VHL17818,3.578995000000014
VHL18324,4.609381666666655
VHL19741,7.06555333333336
VHL11815,6.06614666666666
VHL18939,7.109245952380937
VHL18042,1.1305500000000037
VHL13176,2.1795600000000084
VHL16859,4.182443333333331
VHL14405,2.096600000000004
VHL14751,13.97088000000001
VHL18416,3.201089999999982
VHL13952,4.746958164502154
VHL14726,2.3326199999999986
VHL11889,4.720836999999996
VHL12851,14.045349999999987
VHL12862,4.558811547619038
VHL14262,3.9769900000000016
VHL13520,5.08263666666669
VHL14967,7.159850000000003
VHL14728,2.935590000000011
VHL15340,6.829342499999983
VHL14760,4.156020873015885
VHL18498,1.7561400000000067
VHL18440,2.7270533333333287
VHL18477,4.8377733333333035
VHL16456,4.255380000000022
VHL19596,2.088650000000013
VHL19616,14.564605357142895
VHL12885,11.372400714285734
VHL13080,1.2161600000000024
VHL10988,5.036543333333324
VHL16251,5.1388985714285615
VHL16941,4.172145000000029
VHL19708,5.020161428571421
VHL13116,11.978662857142861
VHL17823,3.6260804166666585
VHL14587,6.114710833333332
VHL16807,2.296420000000004
VHL15706,4.5977733333333335
VHL19568,5.160964999999992
VHL12877,49.271350000000005
VHL16412,1.8916399999999973
VHL18036,59.141230000000085
VHL16860,13.952968333333278
VHL14755,1.826418333333331
VHL19234,15.251114523809488
VHL13272,2.271490000000011
VHL16892,1.8965600000000042
VHL17413,13.45256196428573
VHL18817,2.571220000000003
VHL11681,4.763336666666662
VHL10192,14.848043333333331
VHL16374,4.448599999999969
VHL17630,4.124934761904765
VHL15610,1.4444566666666778
VHL11364,2.7210698809524
VHL13136,11.617569999999999
VHL10038,3.8100100000000254
VHL12580,5.806892142857166
VHL14253,4.822750000000024
VHL17421,14.786086666666668
VHL15458,1.732840000000009
VHL12574,8.945821190476243
VHL14109,4.878320000000002
VHL15943,3.8090549999999874
VHL17404,3.273151666666668
VHL14940,6.687434642857164
VHL16625,8.04859333333334
VHL12066,2.9541583333333317
VHL12899,4.268443333333349
VHL11652,3.744110000000034
VHL17554,63.59314000000006
VHL11567,4.830156999999999
VHL10163,8.171671666666668
VHL10355,7.429183333333334
VHL12041,2.9854295238095117
VHL13416,10.241625000000006
VHL15974,1.6331100000000052
VHL12082,3.3389891666666536
VHL12319,1.878254999999988
VHL12556,5.425765238095237
VHL18675,3.2818849999999986
VHL13381,2.411155000000015
VHL14325,50.70018333333338
VHL15875,6.224504047619089
VHL10638,7.332122500000027
VHL10544,3.6997099999999965
VHL11654,2.186530000000007
VHL14423,1.2549900000000056
VHL14569,4.814181666666656
VHL15007,1.750390000000008
VHL18221,47.223359999999985
VHL10785,1.7409599999999923
VHL16546,3.2645400000000135
VHL19173,5.929298333333334
VHL11731,10.66337500000006
VHL18180,2.613449999999984
VHL19452,6.56519833333335
VHL16163,7.09220095238093
VHL14877,3.936559999999999
VHL10102,68.45645000000005
VHL16046,6.617205000000049
VHL13684,11.883029999999982
VHL18749,57.901900000000026
VHL15304,5.077209999999977
VHL10117,31.780213333333325
VHL19957,1.7728700000000017
VHL19132,2.164869999999991
VHL15383,9.794642500000032
VHL10136,10.851855357142878
VHL17919,2.368194999999991
VHL11444,2.2538299999999865
VHL18795,10.613871666666672
VHL12062,9.229890000000033
VHL15890,5.574000833333335
VHL17372,15.579429999999954
VHL12038,5.1829900000000055
VHL19368,1.6981800000000133
VHL10476,3.7552041666666653
VHL14079,1.887430000000007
VHL10401,3.3164499999999895
VHL12810,52.18615000000015
VHL19466,1.2291700000000065
VHL15757,3.4286000000000105
VHL15894,3.9394799999999943
VHL18056,4.819746666666643
VHL16634,4.082759999999997
VHL16608,2.8827102380952345
VHL19831,2.4899199999999952
VHL13863,6.5761341666666775
VHL11159,2.5291699999999824
VHL15412,9.355160000000012
VHL10730,3.053869999999997
VHL17248,4.506203333333319
VHL16421,8.948320000000017
VHL11328,4.569266666666647
VHL18439,6.643229999999984
VHL12340,4.9028768809523875
VHL10461,3.403019999999986
VHL15024,12.396583333333377
VHL11850,16.51781714285712
VHL16423,13.909378333333342
VHL16427,7.126226666666684
VHL13444,3.18229
VHL16609,1.7583600000000046
VHL11522,8.839891547619047
VHL11433,17.974140000000013
VHL15853,1.2229899999999965
VHL14168,5.449339999999993
VHL19004,9.994440952380934
VHL10827,22.882309999999986
VHL19998,3.500154404761888
VHL14997,3.746849999999984
VHL15827,7.942465238095272
VHL18844,2.153430833333333
VHL10076,7.412438333333324
VHL16342,2.0035299999999925
VHL19420,2.6778600000000123
VHL12762,3.7748616666666694
VHL16916,1.8465450000000128
VHL10660,3.502509166666666
VHL18142,8.514093333333362
VHL13721,2.577938333333346
VHL18101,3.510749999999982
VHL11732,1.4922900000000003
VHL14351,3.2685891666666644
VHL16617,5.5399899999999995
VHL13840,4.620153333333362
VHL10596,2.3123300000000127
VHL19148,1.832850714285712
VHL16845,6.050661666666702
VHL17262,3.9278791666666715
VHL17801,7.490921666666632
VHL18039,7.833700000000042
VHL15369,3.8100191666666725
VHL14483,2.601774166666684
VHL19700,6.891719999999996
VHL15877,5.798249464285716
VHL15552,9.191643333333333
VHL18756,8.447635000000036
VHL10301,7.337063571428538
VHL17678,3.978879999999982
VHL17604,1.4908133333333449
VHL17969,64.78605000000003
VHL17089,5.191189999999995
VHL13239,82.17089000000004
VHL12466,4.416575833333343
VHL16020,6.74590732142855
VHL15014,4.74188916666669
VHL13302,3.73032000000001
VHL17986,3.5761408333333176
VHL14724,5.646500000000026
VHL15147,3.7492300000000003
VHL15325,5.293219999999988
VHL16131,5.57509904761903
VHL14868,2.4875229166666584
VHL15382,15.234859999999971
VHL12164,4.586878333333348
VHL11723,2.544038452380971
VHL14888,5.4033099999999985
VHL17997,2.8448683333333324
VHL11576,8.791110833333342
VHL16048,3.6224916666666727
VHL17795,4.49264392857143
VHL15642,6.068204999999997
VHL13953,2.7029499999999995
VHL10189,7.31141071428572
VHL13338,4.416579999999987
VHL19247,54.23201000000005
VHL16429,9.264818333333297
VHL10272,2.454280000000003
VHL12716,3.33204999999999
VHL12652,8.6120666666667
VHL13545,11.955890000000013
VHL11323,2.8689100000000134
VHL15121,5.280391666666674
VHL17568,13.113853333333324
VHL11886,3.5265599999999795
VHL17402,4.57743916666668
VHL10243,6.034969047619028
VHL13407,2.9774299999999827
VHL12149,1.790230000000002
VHL11037,6.497610000000017
VHL17924,13.120689999999987
VHL12180,10.529670000000007
VHL14683,3.4831849999999767
VHL18920,2.698550000000011
VHL12024,3.696008333333327
VHL13968,82.70720000000007
VHL11079,1.5868600000000026
VHL14355,3.2705766666666625
VHL11824,7.472399999999999
VHL19942,3.004139999999981
VHL12917,13.451969999999868
VHL15326,60.44174000000009
VHL13585,2.5489778571428667
VHL12069,2.7902299999999776
VHL17056,5.26082750000002
VHL10515,5.658206666666675
VHL16435,5.746586666666657
VHL17564,1.2896800000000075
VHL18798,3.082500000000006
VHL10222,3.705726666666671
VHL17645,5.623805000000007
VHL10810,1.8059100000000001
VHL14216,2.1158100000000157
VHL13799,2.524993333333336
VHL19965,3.7007464285714327
VHL18568,4.0499824999999925
VHL17957,4.086610595238095
VHL11023,5.594873333333312
VHL17797,3.546183333333303
VHL16174,41.18231999999999
VHL15112,2.162149999999995
VHL10167,3.248635833333328
VHL18749,3.8285199999999984
VHL16276,5.932723333333322
VHL15593,14.653939999999984
VHL18474,5.292393333333313
VHL13000,2.914480000000021
VHL10796,9.355422499999992
VHL16443,56.76429000000002
VHL13954,5.864128333333332
VHL12761,4.79567666666666
VHL17916,5.928811785714308
VHL13145,10.73808238095238
VHL19331,15.878026666666676
VHL15623,10.557721666666664
VHL13922,13.176209999999974
VHL11222,3.326376666666672
VHL15425,7.339845000000061
VHL19072,2.0452600000000025
VHL18649,4.081361904761898
VHL14730,1.2547300000000055
VHL12512,12.017151666666662
VHL18486,1.2958500000000055
VHL13182,5.095646309523825
VHL19735,7.820946428571426
VHL13370,27.507500000000046
VHL15038,12.59674166666667
VHL13034,3.654049999999996
VHL16581,7.004191666666652
VHL12113,7.34050833333332
VHL16914,10.670838809523818
VHL18231,7.7651066666667035
VHL14192,6.633389999999999
VHL10404,3.4315490476190713
VHL10084,14.667839999999828
VHL13855,25.61945999999994
VHL14027,4.87749690476191
VHL16209,4.050999999999997
VHL11144,19.493260000000003
VHL18646,5.112810000000003
VHL16431,4.154100000000033
VHL16873,2.130790000000008
VHL19594,9.424255000000064
VHL18630,5.406303333333337
VHL17288,5.722003333333334
VHL13113,5.62582999999998
VHL18865,6.389550000000037
VHL18260,3.612928333333343
VHL13198,2.4581599999999906
VHL11475,2.9603599999999903
VHL18584,6.672506666666652
VHL14768,28.716070000000048
VHL16073,3.4198099999999814
VHL15742,3.790001428571443
VHL18879,1.8648100000000054
VHL12038,2.7299800000000047
VHL19728,8.093720000000026
VHL17986,1.4704099999999924
VHL18819,2.1992300000000164
VHL12225,1.2752900000000023
VHL19157,9.00365666666665
VHL19615,3.8443808333333207
VHL17175,2.3413999999999904
VHL13050,9.089643333333342
VHL13123,1.8067649999999982
VHL16065,1.9618300000000128
VHL12484,1.7341100000000074
VHL11338,7.449716666666659
VHL17289,2.5716566666666623
VHL15447,5.3477600000000205
VHL18803,4.831196666666665
VHL18294,4.126049166666657
VHL15133,2.5394899999999803
VHL10657,2.6672666666666816
VHL10619,3.6358474999999824
VHL17912,15.041249999999993
VHL18164,5.035282499999974
VHL14504,6.437555000000029
VHL18885,8.144999365079372
VHL10118,3.614533333333333
VHL17852,3.6591700000000067
VHL18834,6.807499999999963
VHL11508,2.809669999999994
VHL17633,1.8585300000000036
VHL15893,6.910352500000056
VHL14089,20.477369761904793
VHL18800,50.74250999999996
VHL12314,2.129184999999991
VHL18047,9.39966999999999
VHL11118,4.022715000000033
VHL17922,4.964664761904741
VHL17121,2.771619999999994
VHL13960,4.481876333333347
VHL15350,6.392650000000027
VHL17939,3.4540908333333356
VHL11888,7.161266666666619
VHL17044,3.140339999999979
VHL10290,45.04391333333338
VHL19497,7.365418571428547
VHL17807,9.031200000000014
VHL11467,144.502
VHL14703,20.611349999999977
VHL17518,4.367993333333343
VHL19578,2.044130000000003
VHL10425,18.761909999999986
VHL11304,1.6505000000000076
VHL10086,4.94593333333336
VHL19512,4.811556666666651
VHL13350,6.493651666666671
VHL12694,64.45924000000012
VHL12838,76.37424000000004
VHL16255,1.8249600000000006
VHL15196,11.5885
VHL16844,8.351447499999988
VHL10977,7.885222833333299
VHL18145,5.3963020000000155
VHL12297,4.39836333333332
VHL15274,9.68289309523807
VHL15478,6.428007500000013
VHL16940,2.9613599999999876
VHL14407,1.8532900000000085
VHL19544,4.8787179761904715
VHL10519,26.51841999999988
VHL16928,1.3315400000000108
VHL11692,4.3500973809524
VHL15180,4.654476833333331
VHL19040,4.794448571428575
VHL11628,6.824183333333302
VHL19845,2.9843900000000105
VHL16574,89.59477000000004
VHL14807,5.222057380952385
VHL11188,13.831634999999967
VHL18077,15.695989999999926
VHL14836,15.659060000000045
VHL13406,3.542349166666693
VHL18365,1.565550000000005
VHL18328,2.177849999999999
VHL14695,2.51565999999999
VHL12724,6.258289166666686
VHL10202,2.6760233333333345
VHL12815,2.072500000000008
VHL12630,5.518888333333328
VHL14283,8.085955833333339
VHL18698,2.54621
VHL10141,2.786039999999989
VHL16204,4.654514999999992
VHL11310,5.486891666666653
VHL18878,3.1531700000000096
VHL19310,7.830636666666676
VHL18219,4.963779166666692
VHL13108,3.242499999999989
VHL14070,6.816109166666665
VHL16891,1.8997900000000083
VHL10398,6.532626666666665
VHL12755,3.7293664285714314
VHL12995,3.854864166666654
VHL12158,2.246600000000003
VHL17814,23.442019999999985
VHL15098,1.6234700000000104
VHL13066,16.41713333333334
VHL13362,2.8443066666666668
VHL13443,1.2596700000000027
VHL18173,2.5468900000000043
VHL16277,13.96177999999999
VHL17380,3.568140595238098
VHL18129,6.568883333333299
VHL11891,4.398820000000008
VHL11042,4.619394166666669
VHL16137,4.184436666666678
VHL13400,2.1349300000000104
VHL19399,11.63199
VHL16723,4.1647116666666655
VHL12416,10.06897000000001
VHL10350,9.361030000000003
VHL13811,2.5772300000000032
VHL13916,4.106999999999999
VHL11857,2.9789400000000064
VHL12040,3.089654999999989
VHL10872,7.562833333333338
VHL14351,10.565953333333303
VHL18230,5.570253333333286
VHL14851,37.313356666666635
VHL19426,4.458188472222244
VHL12795,4.779426666666663
VHL16882,41.722209999999905
VHL15924,4.135140000000001
VHL10807,1.7179100000000038
VHL10611,5.336566666666681
VHL15296,5.978831666666665
VHL11333,5.461660000000023
VHL18616,2.0350600000000085
VHL15633,2.3139700000000025
VHL15157,2.5887900000000315
VHL16982,1.4696200000000121
VHL13879,23.922239999999977
VHL17585,3.2238849999999855
VHL13116,3.821267499999986
VHL16982,2.1766000000000094
VHL18017,7.470452380952393
VHL19155,9.628470000000032
VHL19997,1.7386741666666794
VHL19660,5.095646309523825
VHL19990,8.507590000000041
VHL13582,8.47243000000001
VHL15998,14.100656428571392
VHL13285,1.740550000000006
VHL16586,2.108720000000002
VHL15120,4.748876666666654
VHL14954,5.513206666666677
VHL18066,2.0966100000000147
VHL13559,12.515439999999957
VHL14707,10.391780714285707
VHL12562,9.057920000000012
VHL15527,1.5543258333333498
VHL12878,8.04296
VHL12507,2.5932900000000223
VHL14699,1.657745000000002
VHL14730,6.388252619047637
VHL16614,4.53212666666665
VHL13024,5.179594380952382
VHL19915,6.806224999999981
VHL13101,2.5499616666666736
VHL13052,3.4756599999999964
VHL19820,52.988110000000006
VHL11562,4.514989999999996
VHL16424,6.509620000000037
VHL10876,6.941472380952399
VHL12199,13.523296666666633
VHL17320,5.646810000000014
VHL13599,1.5047449999999982
VHL15761,3.757785000000013
VHL12114,1.8154400000000122
VHL14797,1.8328799999999974
VHL10360,10.429946666666657
VHL11344,6.850839761904774
VHL13709,3.5835933333333077
VHL19962,24.84597999999995
VHL11021,2.4693000000000107
VHL11988,5.66117000000001
VHL18459,2.5840717857143014
VHL12547,6.138839999999995
VHL17688,6.24209500000002
VHL10267,12.669772857142885
VHL17363,10.698012499999969
VHL19946,7.268364583333338
VHL17698,5.067819166666665
VHL10234,1.3206500000000003
VHL13897,15.844863333333333
VHL13543,2.9069899999999995
VHL11002,7.463093333333313
VHL19102,3.3762499999999744
VHL17633,78.71840000000002
VHL18124,3.3897200000000103
VHL16120,1.8340299999999852
VHL19186,8.219480000000024
VHL18664,3.8517466666666933
VHL17083,50.44395833333338
VHL13077,6.116275000000013
VHL17267,8.847245833333389
VHL18565,14.215396904761977
VHL13814,5.174210000000047
VHL18967,10.019932380952408
VHL13503,2.3334199999999994
VHL13644,2.214530000000014
VHL17079,1.3958500000000007
VHL15239,4.921798333333342
VHL17245,1.6429200000000064
VHL10153,77.34137000000007
VHL19693,4.50390738095239
VHL10773,3.5148899999999936
VHL11413,3.310521666666659
VHL10223,9.450199999999995
VHL18530,1.8409600000000068
VHL12551,5.144310000000008
VHL17602,4.254584999999994
VHL13375,12.03345
VHL13337,12.480178333333308
VHL18551,9.006121428571408
VHL17882,2.236580000000016
VHL17761,3.4510825000000183
VHL12646,3.683930000000014
VHL15219,5.148214047619059
VHL14365,5.921546666666676
VHL16915,2.623233333333336
VHL10906,10.810838333333333
VHL13513,2.610310000000018
VHL14542,5.656990000000017
VHL14200,8.917883333333341
VHL18013,7.4637392857143
VHL14772,5.874408333333348
VHL13641,5.584536666666685
VHL15001,12.382609999999941
VHL10409,4.847805833333352
VHL12698,5.57519904761903
VHL14128,2.959699999999974
VHL10621,2.760413333333332
VHL13729,5.7121132738095355
VHL16191,7.4751199999999685
VHL11188,4.827963333333322
VHL14810,10.549315833333335
VHL16357,0.7328699999999947
VHL18353,3.2511833333333167
VHL15843,4.171008333333341
VHL10210,3.407725000000013
VHL17457,3.6049066666666585
VHL11022,5.1692716666666705
VHL16541,2.7413900000000155
VHL17647,1.8620749999999895
VHL11229,17.722983333333357
VHL17996,2.0332100000000017
VHL17089,4.60671416666668
VHL19543,6.953234166666663
VHL19715,19.78055999999998
VHL17944,4.746958164502154
VHL16820,11.50779952380954
VHL14857,8.23925000000003
VHL17512,6.826235000000048
VHL16649,6.312897380952404
VHL14838,7.722008809523823
VHL14568,3.8420599999999983
VHL17525,4.813460000000015
VHL16117,13.13578333333331
VHL13135,3.616244999999999
VHL19812,3.2556899999999738
VHL17027,6.7041366666666535
VHL14654,3.8454925000000015
VHL12420,4.742262142857151
VHL10360,7.12859095238093
VHL13629,7.290478333333336
VHL16737,6.493480000000004
VHL15446,8.40933999999999
VHL10946,2.0560449999999997
VHL13953,1.3465300000000102
VHL17303,7.381754999999992
VHL15447,2.3941249999999923
VHL12854,8.190825000000043
VHL12567,3.5543799999999877
VHL19137,2.208550000000015
VHL19411,3.0522900000000166
VHL10923,1.8304200000000093
VHL17236,9.123100000000004
VHL19462,40.42445999999999
VHL13097,3.8559900000000153
VHL19969,2.878239999999995
VHL11860,2.2666399999999998
VHL18943,5.716586666666672
VHL11672,6.09567333333335
VHL10815,3.3488199999999826
VHL16245,4.371361428571466
VHL14969,7.815113333333341
VHL19652,2.3093299999999903
VHL11330,3.350308749999994
VHL19827,18.160430000000023
VHL10484,2.3042300000000004
VHL11394,1.8247900000000015
VHL18787,25.74231000000002
VHL11803,5.261340000000004
VHL12784,6.284795000000018
VHL17216,4.5118700000000205
VHL10033,5.707614499999976
VHL11776,2.028670000000005
VHL14947,4.143412440476196
VHL17522,4.245347619047636
VHL14197,3.639965000000021
VHL13071,1.89182000000001
VHL17406,2.54196500000001
VHL12174,6.84352000000002
VHL12440,2.17591000000001
VHL12462,4.108001666666702
VHL12158,4.35634333333334
VHL14899,3.1544699999999817
VHL11281,5.702436666666661
VHL10913,8.188783333333383
VHL19630,7.566744999999977
VHL19709,2.592983333333342
VHL14819,5.0591078333333295
VHL15381,2.638604999999994
VHL14781,1.637817857142847
VHL18728,4.190397499999998
VHL16520,1.7425700000000135
VHL10643,46.97391000000006
VHL19438,8.68986999999999
VHL14103,1.920569999999992
VHL19088,7.474247976190468
VHL15456,5.661333333333355
VHL16411,6.244419999999957
VHL19044,1.734907857142859
VHL15194,20.50671857142852
VHL11490,3.1238600000000027
VHL13904,3.484719999999988
VHL15148,9.08382833333333
VHL10918,3.7034291666666563
VHL19119,11.742199999999976
VHL10313,15.116952380952364
VHL17176,26.26760999999998
VHL17166,3.4680658333333247
VHL11166,3.2032400000000054
VHL19144,8.050045416666693
VHL17259,39.740590000000026
VHL11965,46.646470000000036
VHL13791,3.3264199999999966
VHL12309,6.562160000000026
VHL18687,1.988580000000004
VHL10199,6.401559999999985
VHL18562,5.0786433333333445
VHL14042,6.790884583333335
VHL19017,4.471189999999998
VHL18805,2.1404800000000055
VHL18622,9.794990000000029
VHL14045,53.95052000000007
VHL17010,2.532209999999998
VHL16993,1.9647999999999972
VHL16050,3.738172500000012
VHL16363,1.7506800000000116
VHL10287,1.741060000000011
VHL19873,10.951156666666687
VHL15450,5.5864041666667
VHL14789,4.060998333333373
VHL14379,1.7803300000000037
VHL10911,3.429110000000016
VHL10449,7.169074999999979
VHL19705,8.874840714285751
VHL14766,5.818090000000014
VHL16203,6.636791845238131
VHL14855,2.561639999999995
VHL14661,56.97423000000006
VHL19859,1.1582400000000046
VHL14028,2.9191850000000006
VHL14991,1.4253233333333395
VHL15291,3.3498966666666448
VHL16047,10.612820000000037
VHL12253,8.951800833333328
VHL10428,4.364391428571466
VHL15237,20.431259999999956
VHL16101,11.333619999999959
VHL16143,31.91388999999976
VHL10257,8.13133666666667
VHL16662,49.51138000000001
VHL19799,41.71000000000003
VHL14241,4.772778333333326
VHL17705,8.668183888888922
VHL17529,1.9265899999999943
VHL15191,3.490100833333317
VHL17451,7.094554999999976
VHL17879,3.3351900000000128
VHL19264,2.785050000000005
VHL19009,11.539020000000006
VHL10568,3.8544924999999903
VHL19545,5.699050000000026
VHL16822,8.920151666666685
VHL10957,49.01756166666674
VHL15607,2.5695899999999994
VHL12093,105.56753000000015
VHL19096,15.019216666666633
VHL18288,7.335349999999993
VHL11310,4.233810000000025
VHL19333,5.588051166666672
VHL13823,14.195556666666695
VHL19965,2.998680000000006
VHL16917,4.179949999999991
VHL11177,1.2403400000000064
VHL16853,47.165516666666704
VHL18554,41.04853000000002
VHL18562,10.493617380952378
VHL10753,6.0247333333333515
VHL16804,3.357864999999987
VHL18774,24.19828999999996
VHL15561,3.624700000000011
VHL12265,7.650387500000014
VHL10021,4.022828095238077
VHL18216,3.8544924999999903
VHL18297,50.44395833333338
VHL15781,1.877269999999988
VHL12134,2.7808099999999953
VHL12909,4.3814999999999875
VHL19963,20.76429999999998
VHL16014,2.0436900000000087
VHL14675,4.394107380952366
VHL19999,2.1210400000000122
VHL15433,5.693499999999999
VHL12937,2.5603700000000127
VHL11373,16.796779999999934
VHL17859,4.167849999999983
VHL10314,7.7998583333333515
VHL18773,8.354123333333341
VHL16942,4.359428690476194
VHL18334,2.445469999999997
VHL17910,3.157729999999997
VHL18494,8.004660000000028
VHL12860,2.1090200000000103
VHL10204,29.65376652777777
VHL19924,6.243729166666676
VHL13255,5.8107019047619
VHL12057,8.917704642857156
VHL19296,8.439623333333348
VHL10104,9.119756190476235
VHL14185,5.768321666666668
VHL15914,3.142240000000007
VHL11633,5.269810714285713
VHL10331,2.108895714285706
VHL15981,8.336287500000054
VHL18376,4.921006666666693
VHL14890,4.923739603174623
VHL14283,11.560231190476205
VHL15877,1.7855300000000045
VHL10019,5.96727013888891
VHL10439,2.4919000000000144
VHL18436,49.84688333333337
VHL11989,3.6238200000000096
VHL19813,9.676550000000027
VHL15869,16.441079047618995
VHL13464,3.430111666666658
VHL14974,4.0797464285714335
VHL13446,3.146233333333321
VHL11326,2.6446299999999856
VHL12561,4.293989999999996
VHL12421,13.047273333333296
VHL15061,5.182439166666684
VHL16174,4.921577499999994
VHL14500,7.074474642857132
VHL16937,11.465016666666642
VHL13576,11.642414999999975
VHL12458,5.996653333333347
VHL11965,6.001009999999961
VHL11890,2.5448650000000144
VHL14930,2.8362175000000134
VHL16445,5.743356666666655
VHL11308,9.971638928571402
VHL17652,7.099757500000018
VHL13004,36.91715833333334
VHL10262,6.678264999999994
VHL13111,1.7269100000000048
VHL13568,4.881917000000012
VHL12606,5.098222976190506
VHL15786,5.389574761904766
VHL11054,15.081609999999962
VHL15167,3.7630028571428498
VHL14716,59.002550000000085
VHL11763,3.1075299999999952
VHL17885,5.141827499999996
VHL16048,7.449939444444446
VHL17032,3.3093399999999904
VHL10344,9.404165119047628
VHL13463,2.3771999999999966
VHL12903,2.799230000000002
VHL14551,18.905639999999995
VHL14763,4.425405000000033
VHL19270,4.673362500000002
VHL12817,10.493481428571435
VHL18354,3.742609999999987
VHL12185,2.827285833333323
VHL14983,7.800206666666708
VHL15530,4.4922476190476335
VHL15827,5.5051133333333455
VHL14886,38.867119999999986
VHL17643,3.7187464285714342
VHL16987,5.350049999999955
VHL14294,8.470560000000026
VHL16175,16.773896666666673
VHL18639,3.1471599999999778
VHL13640,2.7656300000000176
VHL17895,2.200460000000004
VHL19307,2.5152575000000006
VHL19436,1.2993600000000034
VHL19809,46.639378333333255
VHL10638,1.6070000000000075
VHL13859,2.2907500000000036
VHL11640,4.007971666666656
VHL13661,3.8689000000000164
VHL15523,3.7114950000000064
VHL12838,4.657245595238082
VHL11312,43.05185
VHL12699,6.842863333333332
VHL14640,1.4383300000000063
VHL17666,6.375465333333358
VHL14903,6.4926399999999855
VHL13835,5.2236075
VHL15635,48.25211833333338
VHL19827,36.92831333333335
VHL14808,5.756160000000021
VHL16208,3.8544924999999903
VHL18605,4.7721483333333525
VHL19751,5.197962499999987
VHL17664,7.882371666666648
VHL12588,14.132219999999965
VHL17702,14.440363333333314
VHL10842,3.211550000000003
VHL19609,13.507649999999876
VHL12767,2.197030000000014
VHL13680,5.769540000000012
VHL13507,2.5695799999999926
VHL16160,10.505365714285713
VHL13555,1.078160000000003
VHL18088,11.64535500000001
VHL16428,2.5173499999999995
VHL11278,1.0913899999999894
VHL17567,5.6376316666666435
VHL16715,2.7000400000000067
VHL15486,9.149088888888881
VHL10286,4.804922714285724
VHL13344,4.826531904761899
VHL17544,6.485109999999948
VHL12579,5.530960000000014
VHL19966,3.617385000000004
VHL12989,1.9138499999999992
VHL18968,7.331653333333343
VHL16423,6.6457041666666905
VHL15852,19.034399999999994
VHL16298,5.505109999999965
VHL13399,1.7974357142857118
VHL11381,71.93022000000003
VHL18329,61.87515000000005
VHL13335,2.2384699999999977
VHL11885,4.617451309523782
VHL19284,9.351594841269824
VHL12612,8.538338333333353
VHL15522,5.247419444444435
VHL16059,9.085590000000002
VHL10388,9.809115714285717
VHL10025,8.008296666666697
VHL14629,2.580920000000012
VHL10790,1.7537700000000105
VHL17966,4.1644458333333505
VHL12843,6.065151666666671
VHL11996,1.7380408333333448
VHL15688,5.467330833333316
VHL13110,4.547240000000035
VHL19865,20.110833333333222
VHL13379,2.5905200000000077
VHL18639,3.3423000000000056
VHL16928,9.224875416666675
VHL11725,64.11842000000016
VHL11355,5.964229999999998
VHL17560,7.141113333333308
VHL11885,6.514113333333322
VHL12995,8.678085000000005
VHL11751,5.144703690476165
VHL14633,13.55646333333332
VHL16853,2.795670000000009
VHL14501,9.208346666666673
VHL13938,5.84981866666664
VHL12329,1.5274500000000082
VHL10067,4.263293571428585
VHL19818,6.013094166666664
VHL12785,3.4106816666666604
VHL13874,3.9333758333333324
VHL18142,18.091270000000026
VHL14855,4.930480000000014
VHL12147,21.11341999999988
VHL15256,9.170558809523822
VHL13751,8.788916666666669
VHL17863,3.430111666666658
VHL13981,4.719650000000009
VHL18916,2.5804724999999924
VHL19492,8.198880833333321
VHL16004,51.522800000000025
VHL15913,1.533940000000006
VHL16871,7.3140416666666725
VHL11388,3.854864166666654
VHL15019,2.309669999999991
VHL11934,1.5710700000000093
VHL19784,2.602460000000012
VHL12593,4.529665000000024
VHL15836,8.332180000000013
VHL17034,3.177594999999997
VHL14607,5.035169999999981
VHL17105,13.565038750000019
VHL18773,5.135424761904755
VHL12684,23.624240000000018
VHL17154,3.7416300000000025
VHL10849,4.591028333333348
VHL12067,6.359502500000014
VHL14247,4.160450833333336
VHL18581,6.2189716666666355
VHL18516,5.54876833333331
VHL17684,1.6322599999999894
VHL17215,1.9859999999999922
VHL15232,6.958432500000024
VHL19310,5.657076666666668
VHL12120,4.638450000000008
VHL15455,15.650081666666638
VHL10132,4.092257499999985
VHL12356,14.613523333333317
VHL16995,8.203249999999986
VHL15752,18.42462690476175
VHL12151,6.135274523809521
VHL11902,96.791
VHL17808,1.8642500000000042
VHL17592,2.3939600000000048
VHL16636,7.14015999999999
VHL11497,4.856643333333316
VHL17774,14.043453333333352
VHL15919,2.272309999999996
VHL15172,1.66532333333335
VHL11820,2.0407916666666797
VHL13093,24.812056666666606
VHL17445,11.325282619047648
VHL18989,1.98781000000001
VHL10713,2.6359800000000013
VHL14240,3.2729100000000186
VHL13501,3.1255316666666695
VHL18215,10.479593333333332
VHL14878,47.368759999999995
VHL19143,2.9680633333333186
VHL10173,10.747332936507918
VHL16962,4.649275000000023
VHL15384,3.5495900000000082
VHL13844,7.78784571428567
VHL11998,4.254625555555557
VHL10444,2.968720000000017
VHL19655,5.141827499999996
VHL18921,5.270005000000001
VHL11774,9.769899999999984
VHL15490,1.3484800000000037
VHL18694,4.815513333333327
VHL10360,4.332346666666678
VHL18707,7.98156333333333
VHL15801,3.672970000000018
VHL17931,13.71043333333333
VHL16716,17.90854999999998
VHL11290,3.223864166666666
VHL18180,5.08270833333332
VHL19935,9.966490000000029
VHL16593,4.373073333333344
VHL17349,1.9286600000000018
VHL18705,4.275441666666668
VHL18527,4.783042666666675
VHL18577,4.542821904761919
VHL15369,8.389000000000015
VHL16140,4.720836999999996
VHL11458,2.182370000000005
VHL13652,2.6197550000000116
VHL13470,11.998330000000001
VHL17609,9.722950000000028
VHL16953,1.2325200000000114
VHL19670,14.641648333333347
VHL16517,2.0120500000000185
VHL12631,12.457401428571393
VHL14338,1.4352200000000068
VHL13224,2.5910351190476377
VHL19157,3.302953333333322
VHL10266,1.4528400000000086
VHL11597,7.475776785714295
VHL16219,16.109110000000005
VHL12828,5.062989999999974
VHL10364,5.500005714285718
VHL11875,50.55700999999997
VHL10185,4.179223333333306
VHL12097,9.097115000000015
VHL17691,1.0158599999999898
VHL15092,3.6088350000000076
VHL11628,14.124319999999999
VHL13662,2.560820000000012
VHL11486,3.28383999999998
VHL18373,5.831020333333352
VHL16605,38.10165999999995
VHL14670,8.515815000000014
VHL19579,1.714820000000004
VHL15504,1.677899999999994
VHL18831,2.2058700000000004
VHL19404,2.7384530952381043
VHL11218,7.976559047619027
VHL13869,81.69298000000006
VHL19846,5.548412000000002
VHL11677,6.217676547619063
VHL17416,1.696174999999991
VHL13175,2.534405555555553
VHL17965,12.829833333333225
VHL19048,5.689103333333337
VHL18117,2.586535000000005
VHL16742,7.404978333333374
VHL10339,4.501814999999989
VHL14079,4.680434761904733
VHL17034,3.4131000000000005
VHL15903,2.106809999999998
VHL14643,7.024336666666681
VHL19176,8.313410833333343
VHL16293,5.699050000000026
VHL16573,2.9844258333333347
VHL10615,3.897590000000001
VHL10834,7.457025000000019
VHL13200,5.683810000000022
VHL18949,13.831170000000016
VHL14402,1.9352557142857088
VHL16439,8.469430000000017
VHL14135,8.371500000000035
VHL10015,1.0905299999999993
VHL10388,2.161648095238091
VHL17226,7.124031666666654
VHL16884,58.70760000000015
VHL18216,3.5244133333333116
VHL19751,7.280893214285712
VHL11071,5.5864041666667
VHL16489,11.474647857142875
VHL12578,10.614254603174594
VHL10582,7.055369999999996
VHL19617,58.696006666666634
VHL14437,11.17715000000001
VHL11749,4.0106616666666595
VHL18131,6.598518333333342
VHL16700,9.252254999999995
VHL14166,8.354123333333341
VHL19100,2.6075050000000117
VHL11100,5.510530000000003
VHL17954,32.77966999999995
VHL15065,4.503807619047631
VHL14908,16.663520000000002
VHL11925,6.045270000000031
VHL12725,56.80438333333336
VHL17558,2.4238225000000018
VHL12989,6.959560178571427
VHL11734,12.105763333333314
VHL15324,8.149814166666685
VHL19720,4.903040000000017
VHL17274,1.0772399999999958
VHL10206,9.94405666666666
VHL18355,6.632651666666639
VHL16634,6.7145500000000045
VHL15037,2.5681511904762018
VHL19446,6.429331666666684
VHL11255,5.87475238095239
VHL18968,7.60906972619043
VHL17262,3.9019730952380827
VHL19635,6.698251666666703
VHL13636,3.370389999999988
VHL14827,6.715208333333315
VHL13630,5.439769404761903
VHL18929,2.6850300000000047
VHL18493,18.611359999999948
VHL11970,8.083895000000018
VHL18557,2.772110000000004
VHL16603,8.957207261904765
VHL10144,4.043216190476184
VHL19283,2.6171200000000154
VHL14957,3.5653700000000055
VHL14521,1.683963333333353
VHL14631,2.1850100000000037
VHL10741,5.4568429166666865
VHL18773,2.675606666666661
VHL15546,9.813360000000003
VHL18796,4.903851880952388
VHL16777,4.886603095238103
VHL12667,2.0361449999999963
VHL11806,6.657104999999987
VHL16241,1.1732500000000041
VHL11602,8.220148333333382
VHL10361,4.5950999999999675
VHL11563,2.6015449999999913
VHL18781,8.267005000000013
VHL11605,1.9245400000000064
VHL17566,5.3028766666666645
VHL14925,5.479866666666679
VHL17378,40.09637000000001
VHL13933,6.9050799999999946
VHL15621,5.071967499999996
VHL11212,8.820422380952404
VHL17047,1.981439999999999
VHL18495,5.7446470000000005
VHL11789,28.351639999999964
VHL18812,1.2786400000000075
VHL12003,6.210078333333322
VHL17763,5.406424761904765
VHL10234,2.561370000000007
VHL11820,17.932070000000007
VHL15612,3.449249999999979
VHL16969,4.721430000000013
VHL15883,28.581880000000012
VHL16910,4.036577499999988
VHL15537,54.04080000000003
VHL19483,5.273300000000008
VHL19061,57.48076000000003
VHL10122,55.10686000000005
VHL18413,12.300216428571412
VHL19153,4.392841190476179
VHL16118,7.842077333333323
VHL11390,8.067730000000017
VHL15701,1.3272866666666747
VHL12322,25.60131000000002
VHL18493,12.682728690476178
VHL18230,4.54043250000002
VHL10567,2.5435950000000016
VHL16862,6.790479999999991
VHL12040,11.403934999999976
VHL13506,6.963260178571427
VHL13379,5.202262500000003
VHL16540,3.4180391666666634
VHL14882,3.6500349999999937
VHL16979,4.099299999999988
VHL17108,7.947839999999978
VHL19862,3.437690000000001
VHL19541,1.77714
VHL16650,8.101038833333325
VHL18976,13.813312857142838
VHL15984,5.84249000000003
VHL13017,4.008129999999981
VHL12807,7.431183333333334
VHL16571,3.470060000000025
VHL18496,4.660419999999997
VHL19085,4.7880333333333365
VHL15655,9.568159999999995
VHL10274,5.80401
VHL17927,11.302288333333339
VHL14169,3.293680833333337
VHL10088,9.119747380952372
VHL19133,1.66437666666668
VHL10124,2.7122550000000096
VHL17800,80.67939000000004
VHL12549,3.9224550000000367
VHL10900,12.54466999999994
VHL16654,1.4938033333333447
VHL15178,3.38316
VHL10370,12.292417023809525
VHL19083,2.469220000000004
VHL10667,83.81770000000006
VHL11177,4.788373333333315
VHL19621,4.931982936507957
VHL19834,4.035979999999991
VHL18831,2.0325400000000067
VHL16058,9.168625000000011
VHL15327,6.140818333333327
VHL10566,2.485339999999997
VHL15911,7.806435714285701
VHL18703,5.977280079365112
VHL19494,3.3412233333333137
VHL16292,20.525850000000023
VHL12417,4.407452499999997
VHL16694,6.710525218253986
VHL16876,8.185843333333368
VHL10394,1.7040299999999922
VHL18192,1.871329999999997
VHL18989,6.254089999999965
VHL15531,4.181818333333331
VHL19945,7.969239960317464
VHL15352,4.09017999999997
VHL10470,3.320899999999995
VHL12910,35.42183000000003
VHL19260,9.467033690476184
VHL18747,20.43331500000007
VHL10865,6.632060000000008
VHL10512,20.960516666666635
VHL19176,2.3805799999999917
VHL18494,2.519373333333338
VHL14953,10.381985000000057
VHL18146,5.2307200000000185
VHL10753,8.37711666666668
VHL13266,6.470855000000034
VHL18142,6.303623333333321
VHL12499,3.854864166666654
VHL11132,5.4800999999999975
VHL16161,3.72713999999999
VHL16332,3.2075650000000206
VHL11947,48.01670000000004
VHL15516,4.156735000000031
VHL15620,124.5975
VHL11334,4.582852023809524
VHL14676,4.121146666666682
VHL18063,1.4287799999999984
VHL11305,9.584464722222245
VHL17190,1.7670199999999938
VHL19509,7.070660000000012
VHL13065,3.820180000000046
VHL16948,2.9606999999999846
VHL18753,1.9674400000000063
VHL13306,2.696156666666666
VHL11296,1.6775300000000029
VHL14799,16.52572999999998
VHL16629,70.6244300000002
VHL12469,1.9649900000000093
VHL14725,4.995423571428567
VHL15360,1.4915800000000137
VHL12472,1.5926700000000005
VHL17694,2.382149999999996
VHL19367,2.988948333333342
VHL13921,6.648438154761933
VHL18424,3.256950000000022
VHL13215,4.525305000000005
VHL19720,5.884996452380964
VHL19474,3.799599166666656
VHL14718,3.010149999999996
VHL13614,5.770930000000024
VHL15761,1.029109999999998
VHL15481,2.827459999999996
VHL10583,1.884610000000012
VHL10999,3.3197899999999723
VHL11387,2.4097899999999832
VHL17201,5.295874166666668
VHL11541,16.393799999999974
VHL11491,3.5464399999999747
VHL13571,1.3096200000000073
VHL17798,4.854549999999984
VHL11615,2.2746399999999953
VHL17412,5.254400000000008
VHL17680,40.79041999999998
VHL13091,27.020250000000054
VHL13434,2.154687023809528
VHL15052,5.2498000000000085
VHL11742,2.8124600000000006
VHL11925,4.0594300000000345
VHL12016,9.622066666666676
VHL17513,4.484149999999976
VHL10564,1.4177200000000025
VHL14087,1.4113800000000032
VHL18246,7.2976514880952745
VHL10468,36.841109999999986
VHL18823,3.8418174999999994
VHL10264,8.605759999999991
VHL15285,5.85777250000001
VHL16403,90.00924000000002
VHL14260,15.918695714285692
VHL16390,2.255990000000005
VHL14383,2.234393333333343
VHL12924,8.148110000000035
VHL16793,1.821070000000018
VHL19286,2.154879999999988
VHL11692,68.35768000000006
VHL19565,2.9749000000000074
VHL12271,4.551855000000036
VHL16387,6.24795166666665
VHL10067,1.9435666666666618
VHL11055,11.832370000000028
VHL16282,3.631226547619046
VHL10373,6.525199047619051
VHL13130,4.462350000000003
VHL14791,3.6321405952380927
VHL17669,84.13348000000019
VHL10245,4.70239333333333
VHL13394,2.8081549999999953
VHL13369,7.079247619047599
VHL12230,23.09779666666662
VHL15024,1.685290000000006
VHL15401,15.928826666666653
VHL17830,5.406424761904765
VHL16594,2.174060000000007
VHL13400,3.347284999999968
VHL13413,3.1009549999999875
VHL11338,12.107404999999986
VHL12928,5.462140000000014
VHL14141,18.313509999999983
VHL13196,48.41105
VHL17193,4.616661666666664
VHL13848,9.703740833333333
VHL15690,7.470452380952393
VHL14292,4.808765833333362
VHL10249,62.77361000000006
VHL16684,3.7179700000000118
VHL13663,2.1434500000000116
VHL16780,9.847205714285716
VHL15195,9.876720833333357
VHL19709,1.5378100000000112
VHL16300,4.1474547619047275
VHL18402,2.7522450000000065
VHL10408,16.48151000000003
VHL17856,9.990894285714266
VHL12909,10.588572380952366
VHL17579,11.373269999999954
VHL14360,4.465375833333354
VHL16170,11.717600000000003
VHL11625,7.082143333333351
VHL10141,3.7945799999999856
VHL13372,0.9076399999999992
VHL10702,18.948210952380954
VHL10168,4.299512380952387
VHL17506,8.469165000000018
VHL19811,9.081381428571442
VHL18898,1.7313000000000136
VHL14976,5.81479595238096
VHL19528,6.703247202380958
VHL14747,1.7578100000000134
VHL12298,8.281790000000015
VHL12897,56.80438333333336
VHL14501,2.6226100000000145
VHL19230,12.709325
VHL17122,4.276868333333325
VHL13093,7.403393333333293
VHL13713,2.6606375000000044
VHL10827,5.57510666666669
VHL14671,3.7870341666666727
VHL19953,2.0269799999999996
VHL14674,9.78282000000001
VHL19651,4.731843333333306
VHL14860,29.623939999999983
VHL15452,4.03252142857142
VHL11031,4.443064999999994
VHL16763,5.265249999999977
VHL13764,15.62240999999988
VHL12562,4.55851583333334
VHL11827,1.6831900000000055
VHL13929,8.857520833333353
VHL10039,14.61172000000001
VHL15009,10.52022999999999
VHL13821,6.068224916666658
VHL14348,1.9777299999999975
VHL16840,19.088457857142846
VHL12002,8.347720357142833
VHL10237,1.8297400000000088
VHL18738,2.366380000000005
VHL10568,6.687581666666682
VHL19355,1.8044799999999988
VHL16226,6.414264166666672
VHL16719,2.9967757142857248
VHL14548,2.5270951190476385
VHL16912,23.751953333333283
VHL19505,13.322319999999989
VHL16442,1.8379599999999936
VHL16825,2.7968391666666688
VHL12658,43.14362000000007
VHL12481,11.560231190476205
VHL18658,7.568090000000034
VHL15493,3.300040000000002
VHL12577,50.51772000000004
VHL13844,3.187060833333328
VHL12544,2.611893333333346
VHL14450,11.65741666666665
VHL16818,3.4942560714285658
VHL18694,3.8604945000000206
VHL13597,58.044019999999996
VHL15898,4.65991250000001
VHL18680,7.3848749999999885
VHL12465,15.876796785714179
VHL12148,2.175580000000011
VHL19876,3.6219299999999945
VHL19612,4.606237499999989
VHL18169,23.126399999999986
VHL13267,5.569925238095177
VHL14640,2.19636000000001
VHL15593,11.08828000000001
VHL16387,33.425889999999974
VHL13148,4.059554999999992
VHL11142,2.390340000000014
VHL18659,5.473052976190478
VHL13899,4.431076666666665
VHL18985,5.6107350000000045
VHL17250,3.9651383333333423
VHL17539,4.042543333333326
VHL18609,8.681799285714293
VHL11948,4.203603888888886
VHL11525,4.567624166666657
VHL12806,6.914635238095225
VHL19564,7.929070000000007
VHL19054,7.600444999999995
VHL18679,2.828985000000006
VHL19665,4.618474047619047
VHL12463,2.582413333333334
VHL10753,2.097040000000018
VHL11312,5.379340000000016
VHL12620,1.9298399999999938
VHL17592,1.9651207142857063
VHL11746,3.9717258333333256
VHL14332,1.3483000000000025
VHL19959,5.4095699999999995
VHL16741,3.6828416666666564
VHL10763,4.58341511904764
VHL17541,3.664650714285723
VHL11701,26.29318666666656
VHL10194,3.0970199999999792
VHL13479,8.844208333333341
VHL15975,4.356169999999998
VHL10231,5.9411538888889055
VHL18446,1.8477900000000085
VHL19365,34.601180000000085
VHL12815,3.644162380952382
VHL17210,4.699565000000018
VHL14273,2.5434121031746177
VHL16001,3.1664299999999916
VHL17232,9.276291666666662
VHL17877,2.9856018849206265
VHL13772,5.466925000000027
VHL14502,2.518459999999993
VHL12140,3.642805000000004
VHL12267,7.984348055555557
VHL18736,6.673703333333325
VHL17988,17.653399999999923
VHL11233,0.9314799999999922
VHL18205,3.2346833333333436
VHL17229,3.8114907142857337
VHL12503,9.427609523809558
VHL16555,6.0128447619047565
VHL11608,3.9759216666666957
VHL13099,11.521599999999953
VHL10464,3.8110164285714436
VHL13660,2.6083899999999924
VHL15246,5.801819999999995
VHL18351,4.654476833333331
VHL14567,8.76627916666667
VHL18076,1.6351200000000157
VHL15135,2.5487550000000145
VHL14661,10.343411666666665
VHL13468,12.475465000000012
VHL18899,3.434823333333317
VHL10051,3.497196666666651
VHL12127,1.9518400000000071
VHL12196,2.4701466666666594
VHL17014,8.194523333333372
VHL11559,1.4434100000000087
VHL10059,23.116209999999988
VHL15739,3.429599999999983
VHL14808,2.0220316666666647
VHL15611,8.963315773809528
VHL14636,59.97709000000002
VHL11570,1.9857250000000015
VHL16463,4.261023333333336
VHL16394,8.64435
VHL13693,4.478430833333327
VHL12291,3.269399999999995
VHL15561,3.7251900000000027
VHL19493,38.75833000000005
VHL12756,4.669391666666683
VHL10950,2.505869999999988
VHL16866,3.38173999999998
VHL12609,9.97629988095238
VHL12574,3.1144683333333325
VHL17135,1.8258000000000132
VHL13752,8.19824833333331
VHL13546,10.116528333333328
VHL11097,5.995553333333347
VHL18181,3.9717258333333256
VHL10940,4.399109999999995
VHL16905,3.969861230158747
VHL19185,3.7999458333333167
VHL10923,10.010593333333338
VHL18309,1.7025150000000062
VHL19349,3.245405000000006
VHL13590,3.9052933333333293
VHL20000,1.8115300000000103
VHL12384,4.739279523809508
VHL13167,13.565426666666662
VHL18928,2.1501000000000148
VHL11333,1.827702857142852
VHL18531,1.5455100000000064
VHL19725,1.4103400000000132
VHL13535,6.432596666666682
VHL15299,20.620278095238145
VHL19132,9.956509999999994
VHL19736,46.76915000000002
VHL11914,6.110146666666676
VHL14981,7.546953333333358
VHL11507,2.1750400000000165
VHL18768,3.616799166666662
VHL13208,2.2898600000000076
VHL17200,9.290445000000005
VHL19398,6.202999166666662
VHL10666,20.960516666666635
VHL12919,8.92096999999999
VHL17972,17.039959999999976
VHL10315,5.076779999999995
VHL13868,1.9399799999999998
VHL16268,6.255352380952399
VHL15979,5.198347499999997
VHL14334,6.119236666666658
VHL19984,3.7311400000000092
VHL15905,12.563100476190431
VHL14849,3.8544924999999903
VHL10077,1.7309500000000109
VHL12763,14.161020000000002
VHL13814,2.1597300000000055
VHL18236,4.5547833333333365
VHL18380,2.591493452380968
VHL11075,2.943519999999989
VHL10482,6.28462500000001
VHL10117,7.383933333333294
VHL13673,2.127330000000004
VHL17221,35.639990000000004
VHL11240,4.814984500000003
VHL12562,2.0486300000000113
VHL13799,9.839081666666681
VHL13466,30.863116666666674
VHL14698,13.499659999999984
VHL15372,3.7997700000000076
VHL13032,2.582849999999996
VHL13600,2.6518599999999912
VHL17335,3.2713999999999954
VHL15519,3.4276400000000025
VHL19609,2.251845000000005
VHL12581,3.597710000000012
VHL18738,1.8976900000000014
VHL15107,2.8856499999999943
VHL16177,6.888908888888916
VHL11709,9.195495000000001
VHL14469,3.3755833333333234
VHL13687,5.54533999999999
VHL16412,8.378561428571446
VHL14864,49.44280333333335
VHL15725,8.641830000000002
VHL17141,3.333009999999997
VHL10991,4.686151904761902
VHL10678,1.8959499999999991
VHL13889,5.01748083333333
VHL17084,6.558475000000006
VHL15443,2.15669000000001
VHL10783,1.9965100000000078
VHL19744,2.588396785714301
VHL18331,8.355395833333406
VHL16307,8.368589999999987
VHL18003,4.165182499999988
VHL10838,9.210071666666689
VHL13320,124.5975
VHL19953,2.072209999999996
VHL19152,1.6869542857142839
VHL15913,56.80438333333336
VHL15341,3.4160033333333595
VHL14269,2.6249333333333356
VHL10263,13.977319999999999
VHL10559,3.0949513095237995
VHL17221,5.949836666666649
VHL12379,28.88657333333336
VHL18253,1.3690600000000097
VHL11172,2.7547200000000003
VHL17213,71.24062000000004
VHL18445,9.942736666666681
VHL10808,6.625420000000056
VHL13851,10.32275250000002
VHL18936,3.414460000000001
VHL17750,1.7076800000000028
VHL14279,8.209870000000022
VHL17407,1.8444500000000077
VHL17737,6.450380000000037
VHL11196,4.929863333333329
VHL10773,3.3116166666666422
VHL12028,23.93318666666654
VHL19833,2.127330000000004
VHL13566,2.157490000000006
VHL18282,2.07928053571429
VHL11015,1.6069100000000072
VHL16696,16.184700000000024
VHL13980,1.3690600000000097
VHL18337,8.744063809523817
VHL11330,9.682615000000022
VHL14873,7.485991666666629
VHL15435,4.190640000000007
VHL13861,20.1142050000001
VHL12073,4.71970166666669
VHL15320,5.703313333333351
VHL17850,4.7897666666666945
VHL16757,7.6131091666666295
VHL15181,1.7195900000000035
VHL14613,2.323679999999985
VHL17238,2.1832500000000166
VHL12083,7.274265833333324
VHL16344,4.452771666666683
VHL19413,4.750116666666671
VHL17430,8.117873333333305
VHL14996,4.734851666666651
VHL13423,1.3296800000000022
VHL13162,29.08089000000001
VHL14672,5.73942000000002
VHL12020,4.062749999999996
VHL16103,3.062484999999997
VHL10650,4.586878333333348
VHL15234,5.374830416666666
VHL11305,7.4140883333333445
VHL18180,13.17526000000003
VHL17458,1.5010233333333478
VHL15835,4.699059166666673
VHL17211,2.000229999999996
VHL17209,3.4080745238095433
VHL18693,3.9486791666666603
VHL18975,6.790884583333335
VHL18976,4.107329999999996
VHL15391,5.100699999999991
VHL13071,70.40681000000002
VHL19241,6.002035000000023
VHL14944,7.953946717171734
VHL19128,13.813312857142838
VHL18577,1.321150000000007
VHL15429,1.3718100000000013
VHL12217,5.720810000000001
VHL15705,11.700449999999979
VHL19888,3.170441666666652
VHL11906,8.855826428571408
VHL15757,11.981546666666652
VHL11938,6.306190833333353
VHL10969,3.6566300000000003
VHL11777,60.80551999999999
VHL16275,4.886059999999987
VHL14235,3.594259999999982
VHL10496,15.72429500000002
VHL18481,2.6958933333333412
VHL17185,4.418166666666665
VHL15960,8.045146666666668
VHL11313,9.340770000000001
VHL11288,15.935090000000011
VHL12337,10.768636666666652
VHL14268,1.8132949999999997
VHL10015,50.58458333333339
VHL16136,3.667760000000014
VHL17903,34.309399999999975
VHL14018,4.642122499999996
VHL17473,8.92484000000001
VHL11480,6.862420357142855
VHL13881,5.821199999999983
